{"approvals": [{"state": "approved", "submissionObject": "public_audience_request", "submissionId": 941083, "submissionDetails": {"permissionType": "READ"}, "submitter": {"displayName": "cocadmin", "id": "scy9-9wg4"}, "submittedAt": 1442262776, "reviewedAutomatically": true, "submissionOutcome": "change_audience", "workflowId": 2226, "reviewedAt": 1442262776, "submissionOutcomeApplication": {"failureCount": 0, "status": "success"}}], "description": "Contracts and modifications awarded by the City of Chicago since 1993. This data is currently maintained in the City\u2019s Financial Management and Purchasing System (FMPS), which is used throughout the City for contract management and payment. \r\nLegacy System Records: Purchase Order/Contract Numbers that begin with alpha characters identify records imported from legacy systems. Records with a null value in the Contract Type field were imported from legacy systems. \r\n\"Comptroller-Other\" Contract Type: Some records where the Contract Type is \"COMPTROLLER-OTHER\" are ordinance-based agreements and may have start dates earlier than 1993. \r\nDepends Upon Requirements Contracts: If the contract Award Amount is $0, the contract is not cancelled, and the contract is a blanket contract, then the contract award total Depends Upon Requirements. A Depends Upon Requirements contract is an indefinite quantities contract in which the City places orders as needed and the vendor is not guaranteed any particular contract award amount. \r\n\r\nBlanket vs. Standard Contracts: Only blanket contracts (contracts for repeated purchases) have FMPS end dates. Standard contracts (for example, construction contracts) terminate upon completion and acceptance of all deliverables. These dates are tracked outside of FMPS. \r\n\r\nNegative Modifications: Some contracts are modified to delete scope and money from a contract. These reductions are indicated by negative numbers in the Award Amount field of this dataset. \r\n\r\nData Owner: Procurement Services. \r\nTime Period: 1993 to present. \r\nFrequency: Data is updated daily.", "grants": [{"flags": ["public"], "inherited": false, "type": "viewer"}], "attributionLink": "http://www.cityofchicago.org/city/en/depts/dps/provdrs/contract.html", "publicationDate": 1442262776, "newBackend": true, "oid": 13317262, "rowsUpdatedAt": 1575537384, "averageRating": 0, "tableId": 4331729, "displayType": "table", "provenance": "official", "createdAt": 1317369742, "indexUpdatedAt": 1556180170, "tableAuthor": {"userSegment": "site_member", "flags": ["mayBeStoriesCoOwner"], "profileImageUrlLarge": "/api/users/scy9-9wg4/profile_images/LARGE", "screenName": "cocadmin", "displayName": "cocadmin", "profileImageUrlSmall": "/api/users/scy9-9wg4/profile_images/TINY", "type": "interactive", "profileImageUrlMedium": "/api/users/scy9-9wg4/profile_images/THUMB", "id": "scy9-9wg4"}, "viewLastModified": 1442305020, "viewType": "tabular", "columns": [{"tableColumnId": 1296574, "renderTypeName": "text", "dataTypeName": "text", "name": "Purchase Order Description", "format": {"align": "left", "aggregate": "count"}, "width": 452, "cachedContents": {"top": [{"count": "7232", "item": "DEMOLITION"}, {"count": "2159", "item": "MASTER AGREEMENT FOR DEMOLITION SERVICES"}, {"count": "1229", "item": "NEW CONTRACT"}, {"count": "1201", "item": "ORIGINAL"}, {"count": "1120", "item": "AMENDMENT"}, {"count": "754", "item": "REVISION"}, {"count": "604", "item": "REVISION 1"}, {"count": "425", "item": "HEAD START"}, {"count": "423", "item": "RYAN WHITE"}, {"count": "419", "item": "COLLABORATION"}, {"count": "416", "item": "City Arts Grant Program"}, {"count": "414", "item": "SERVICE CONTRACT"}, {"count": "390", "item": "EMPLOYMENT GENERATING SERVICES"}, {"count": "368", "item": "TITLE-XX CHILD CARE"}, {"count": "364", "item": "COLA"}, {"count": "359", "item": "HEAD START SUPPLEMENTAL"}, {"count": "349", "item": "DFSS-ECBG-CS-PFA: PRE-SCHOOL PROGRAM FOR ALL: 3-5 YEAR OLDS"}, {"count": "336", "item": "TA"}, {"count": "330", "item": "HOMELESS SERVICES"}, {"count": "316", "item": "YOUTH DEVELOPMENT SERVICES"}], "not_null": "136332", "cardinality": "32388", "largest": "ZOOMTEXT (+) SCREEN MAGNIFICATION SOFTWARE", "null": "2614", "non_null": "136453", "smallest": "`"}, "position": 1, "fieldName": "purchase_order_description", "id": 221888706}, {"tableColumnId": 1296591, "renderTypeName": "text", "dataTypeName": "text", "name": "Purchase Order (Contract) Number", "format": {"align": "left"}, "width": 278, "cachedContents": {"top": [{"count": "352", "item": "P011437"}, {"count": "216", "item": "19486"}, {"count": "180", "item": "P011887"}, {"count": "172", "item": "24640"}, {"count": "162", "item": "22310"}, {"count": "152", "item": "19398"}, {"count": "151", "item": "23954"}, {"count": "148", "item": "24772"}, {"count": "148", "item": "12457"}, {"count": "139", "item": "12129"}, {"count": "137", "item": "26117"}, {"count": "132", "item": "T25068"}, {"count": "131", "item": "19666"}, {"count": "124", "item": "21773"}, {"count": "119", "item": "24641"}, {"count": "115", "item": "25946"}, {"count": "113", "item": "P011471"}, {"count": "112", "item": "23813"}, {"count": "110", "item": "29111"}, {"count": "109", "item": "P012043"}], "not_null": "138941", "cardinality": "66689", "largest": "Z990250144D", "null": "0", "non_null": "139067", "smallest": "000600049"}, "position": 2, "fieldName": "purchase_order_contract_number", "id": 221888709}, {"tableColumnId": 1487224, "renderTypeName": "text", "dataTypeName": "text", "name": "Revision Number", "format": {}, "width": 183, "cachedContents": {"top": [{"count": "66689", "item": "0"}, {"count": "12356", "item": "1"}, {"count": "7946", "item": "2"}, {"count": "5535", "item": "3"}, {"count": "4075", "item": "4"}, {"count": "3069", "item": "5"}, {"count": "2464", "item": "6"}, {"count": "2035", "item": "7"}, {"count": "1662", "item": "8"}, {"count": "1389", "item": "9"}, {"count": "1137", "item": "10"}, {"count": "965", "item": "11"}, {"count": "817", "item": "12"}, {"count": "687", "item": "13"}, {"count": "630", "item": "14"}, {"count": "551", "item": "15"}, {"count": "502", "item": "16"}, {"count": "462", "item": "17"}, {"count": "415", "item": "18"}, {"count": "375", "item": "19"}], "not_null": "138941", "cardinality": "17936", "largest": "TI0950", "null": "0", "non_null": "139067", "smallest": "0"}, "position": 3, "fieldName": "revision_number", "id": 221888712}, {"tableColumnId": 1296590, "renderTypeName": "text", "dataTypeName": "text", "name": "Specification Number", "format": {"align": "left"}, "width": 200, "cachedContents": {"top": [{"count": "14052", "item": "99999999999"}, {"count": "1463", "item": "B69683203"}, {"count": "903", "item": "16194"}, {"count": "750", "item": "B89683203"}, {"count": "548", "item": "C925990002"}, {"count": "514", "item": "50679"}, {"count": "402", "item": "457618"}, {"count": "390", "item": "90996"}, {"count": "352", "item": "PM10329801"}, {"count": "303", "item": "466260"}, {"count": "291", "item": "2504"}, {"count": "284", "item": "598578"}, {"count": "283", "item": "121713"}, {"count": "278", "item": "601692"}, {"count": "278", "item": "41606"}, {"count": "273", "item": "90866"}, {"count": "259", "item": "121179"}, {"count": "247", "item": "C968990037"}, {"count": "238", "item": "B99064603"}, {"count": "235", "item": "79321"}], "not_null": "126715", "cardinality": "34920", "largest": "TT121713", "null": "12226", "non_null": "126841", "smallest": "01005A"}, "position": 4, "fieldName": "specification_number", "id": 221888715}, {"tableColumnId": 1296577, "renderTypeName": "text", "dataTypeName": "text", "name": "Contract Type", "format": {}, "width": 173, "cachedContents": {"top": [{"count": "35643", "item": "DELEGATE AGENCY"}, {"count": "9233", "item": "COMPTROLLER-OTHER"}, {"count": "7169", "item": "CONSTRUCTION-LARGE $3MILLIONorABOVE"}, {"count": "6015", "item": "CONSTRUCTION-AVIATION"}, {"count": "3587", "item": "ARCH/ENGINEERING"}, {"count": "3565", "item": "WORK SERVICES / FACILITIES MAINT."}, {"count": "3454", "item": "COMMODITIES"}, {"count": "3181", "item": "CONSTRUCTION-GENERAL"}, {"count": "2544", "item": "PRO SERV CONSULTING $250,000orABOVE"}, {"count": "2230", "item": "Modification"}, {"count": "2066", "item": "Time Extension"}, {"count": "1790", "item": "CONSTRUCTION"}, {"count": "1483", "item": "PROPERTY LEASE"}, {"count": "1200", "item": "CONVERTED"}, {"count": "1151", "item": "Delegate Agency"}, {"count": "1071", "item": "VEHICLES/HEAVY EQUIPMENT (CAPITAL)"}, {"count": "1050", "item": "Term Agreement"}, {"count": "999", "item": "COMMODITIES-SMALL ORDERS"}, {"count": "673", "item": "WORK SERV-AVIATION"}, {"count": "673", "item": "DEMOLITION-SMALL ORDERS"}], "not_null": "94194", "cardinality": "55", "largest": "WORK SERVICES-SMALL ORDERS", "null": "44747", "non_null": "94320", "smallest": "07/23/02"}, "position": 5, "fieldName": "contract_type", "id": 221888718}, {"tableColumnId": 1462732, "renderTypeName": "calendar_date", "dataTypeName": "calendar_date", "name": "Start Date", "format": {"align": "left", "view": "date"}, "width": 132, "cachedContents": {"top": [{"count": "1560", "item": "2015-01-01T00:00:00.000"}, {"count": "1479", "item": "2007-01-01T00:00:00.000"}, {"count": "1250", "item": "2008-01-01T00:00:00.000"}, {"count": "1197", "item": "2017-01-01T00:00:00.000"}, {"count": "1190", "item": "2001-01-01T00:00:00.000"}, {"count": "1088", "item": "2006-01-01T00:00:00.000"}, {"count": "1053", "item": "2004-01-01T00:00:00.000"}, {"count": "1024", "item": "2018-01-01T00:00:00.000"}, {"count": "987", "item": "2019-01-01T00:00:00.000"}, {"count": "977", "item": "2003-01-01T00:00:00.000"}, {"count": "962", "item": "2009-01-01T00:00:00.000"}, {"count": "926", "item": "2005-01-01T00:00:00.000"}, {"count": "890", "item": "2013-01-01T00:00:00.000"}, {"count": "827", "item": "2002-01-01T00:00:00.000"}, {"count": "823", "item": "2014-01-01T00:00:00.000"}, {"count": "806", "item": "2000-01-01T00:00:00.000"}, {"count": "778", "item": "2012-01-01T00:00:00.000"}, {"count": "731", "item": "1999-01-01T00:00:00.000"}, {"count": "713", "item": "2010-01-01T00:00:00.000"}, {"count": "686", "item": "2017-07-01T00:00:00.000"}], "not_null": "97725", "cardinality": "5151", "largest": "2048-02-25T00:00:00.000", "null": "41272", "non_null": "97795", "smallest": "0201-03-01T00:00:00.000"}, "position": 6, "fieldName": "start_date", "id": 221888721}, {"tableColumnId": 1462733, "renderTypeName": "calendar_date", "dataTypeName": "calendar_date", "name": "End Date", "format": {"align": "left", "view": "date"}, "width": 141, "cachedContents": {"top": [{"count": "1530", "item": "2006-12-31T00:00:00.000"}, {"count": "1498", "item": "2016-12-31T00:00:00.000"}, {"count": "1496", "item": "2018-12-31T00:00:00.000"}, {"count": "1490", "item": "1999-12-31T00:00:00.000"}, {"count": "1276", "item": "2000-12-31T00:00:00.000"}, {"count": "1242", "item": "2013-12-31T00:00:00.000"}, {"count": "1232", "item": "2014-12-31T00:00:00.000"}, {"count": "1227", "item": "2017-12-31T00:00:00.000"}, {"count": "1211", "item": "2011-12-31T00:00:00.000"}, {"count": "1182", "item": "2010-12-31T00:00:00.000"}, {"count": "1121", "item": "2007-12-31T00:00:00.000"}, {"count": "1080", "item": "1997-12-31T00:00:00.000"}, {"count": "1070", "item": "2001-12-31T00:00:00.000"}, {"count": "1066", "item": "2012-12-31T00:00:00.000"}, {"count": "1026", "item": "1996-12-31T00:00:00.000"}, {"count": "1019", "item": "2005-12-31T00:00:00.000"}, {"count": "1019", "item": "1995-12-31T00:00:00.000"}, {"count": "1012", "item": "2009-12-31T00:00:00.000"}, {"count": "990", "item": "2019-12-31T00:00:00.000"}, {"count": "985", "item": "2002-12-31T00:00:00.000"}], "not_null": "96613", "cardinality": "6451", "largest": "2104-01-24T00:00:00.000", "null": "42379", "non_null": "96688", "smallest": "1989-02-15T00:00:00.000"}, "position": 7, "fieldName": "end_date", "id": 221888724}, {"tableColumnId": 1462734, "renderTypeName": "calendar_date", "dataTypeName": "calendar_date", "name": "Approval Date", "format": {"align": "left", "view": "date"}, "width": 158, "cachedContents": {"top": [{"count": "2324", "item": "2002-10-12T00:00:00.000"}, {"count": "1758", "item": "2002-10-11T00:00:00.000"}, {"count": "698", "item": "2008-10-16T00:00:00.000"}, {"count": "656", "item": "2008-10-21T00:00:00.000"}, {"count": "534", "item": "1998-12-16T00:00:00.000"}, {"count": "392", "item": "2008-10-28T00:00:00.000"}, {"count": "343", "item": "2008-10-22T00:00:00.000"}, {"count": "332", "item": "1996-02-01T00:00:00.000"}, {"count": "331", "item": "1995-01-24T00:00:00.000"}, {"count": "301", "item": "2008-10-23T00:00:00.000"}, {"count": "285", "item": "2015-01-22T00:00:00.000"}, {"count": "280", "item": "2009-02-03T00:00:00.000"}, {"count": "276", "item": "1995-10-17T00:00:00.000"}, {"count": "240", "item": "2009-06-02T00:00:00.000"}, {"count": "234", "item": "2013-01-17T00:00:00.000"}, {"count": "233", "item": "1998-01-16T00:00:00.000"}, {"count": "215", "item": "2013-12-11T00:00:00.000"}, {"count": "212", "item": "2008-10-20T00:00:00.000"}, {"count": "201", "item": "2009-05-19T00:00:00.000"}, {"count": "193", "item": "2015-01-23T00:00:00.000"}], "not_null": "138920", "cardinality": "6720", "largest": "2019-12-03T00:00:00.000", "null": "21", "non_null": "139046", "smallest": "1993-01-01T00:00:00.000"}, "position": 8, "fieldName": "approval_date", "id": 221888727}, {"tableColumnId": 1296581, "renderTypeName": "text", "dataTypeName": "text", "name": "Department", "format": {"align": "left"}, "width": 310, "cachedContents": {"top": [{"count": "18908", "item": "CHICAGO DEPARTMENT OF TRANSPORTATION"}, {"count": "17964", "item": "DEPARTMENT OF HUMAN SERVICES"}, {"count": "11100", "item": "DEPARTMENT OF BUILDINGS"}, {"count": "9724", "item": "DEPT OF FAMILY AND SUPPORT SERVICES"}, {"count": "9644", "item": "DEPT OF AVIATION"}, {"count": "7764", "item": "DEPARTMENT OF HEALTH"}, {"count": "6339", "item": "DEPARTMENT OF WATER MANAGEMENT"}, {"count": "3796", "item": "OHARE MODERNIZATION PROJECT"}, {"count": "3785", "item": "DEPARTMENT OF HOUSING"}, {"count": "3705", "item": "MAYORS OFFICE OF WORKFORCE DEVELOPMENT"}, {"count": "3671", "item": "PLANNING & DEVELOPMENT"}, {"count": "3522", "item": "DEPT OF GENERAL SERVICES"}, {"count": "3475", "item": "DEPARTMENT OF CULTURAL AFFAIRS"}, {"count": "3105", "item": "DEPARTMENT OF POLICE"}, {"count": "2997", "item": "DEPT OF COMMUNITY DEVELOPMENT"}, {"count": "2387", "item": "DEPT OF STREETS & SANITATION"}, {"count": "1996", "item": "FIRE DEPARTMENT"}, {"count": "1902", "item": "DEPT OF FLEET MGMT"}, {"count": "1702", "item": "DEPT ON AGING"}, {"count": "1541", "item": "CHICAGO PUBLIC LIBRARY"}], "not_null": "129535", "cardinality": "55", "largest": "POLICE BOARD", "null": "9412", "non_null": "129655", "smallest": "ADMINISTRATIVE ADJUDICATION"}, "position": 9, "fieldName": "department", "id": 221888730}, {"tableColumnId": 1296582, "renderTypeName": "text", "dataTypeName": "text", "name": "Vendor Name", "format": {}, "width": 401, "cachedContents": {"top": [{"count": "1794", "item": "CHICAGO UNITED INDUSTRIES, LIMITED"}, {"count": "1742", "item": "WALSH CONSTRUCTION COMPANY OF ILL"}, {"count": "1432", "item": "DELTA DEMOLITION, INC"}, {"count": "1347", "item": "F.H. PASCHEN, S.N. NIELSEN & ASSOCIATES, LLC"}, {"count": "936", "item": "BIGANE PAVING COMPANY/O PLOTE CONSTRUCTION INC JV"}, {"count": "931", "item": "CAPITOL CEMENT CO INC 01"}, {"count": "849", "item": "M.Q. SEWER & WATER CONTRACTORS"}, {"count": "840", "item": "SUMIT CONSTRUCTION CO., INC."}, {"count": "792", "item": "G & V CONSTRUCTION CO INC"}, {"count": "777", "item": "WALSH CONSTRUCTION COMPANY II, LLC."}, {"count": "750", "item": "MCDONAGH DEMOLITION, INC."}, {"count": "731", "item": "WALSH/T J LAMBRECHT JV"}, {"count": "714", "item": "MIDPACK CORPORATION"}, {"count": "697", "item": "JOE F. DE CICCO"}, {"count": "693", "item": "BOYS & GIRLS CLUBS OF CHICAGO"}, {"count": "645", "item": "B & L DISTRIBUTORS, INC."}, {"count": "603", "item": "CATHOLIC CHARITIES OF THE ARCHDIOCESE OF CHICAGO"}, {"count": "598", "item": "UNITED DEMOLITION INC"}, {"count": "597", "item": "PAN-OCEANIC ENGINEERING CO INC"}, {"count": "596", "item": "BONDS & ASSOCIATES, INC.SEAL"}], "not_null": "138941", "cardinality": "11198", "largest": "ZULU IMAGE", "null": "0", "non_null": "139067", "smallest": "108 N. STATE RETAIL LLC"}, "position": 10, "fieldName": "vendor_name", "id": 221888733}, {"tableColumnId": 1296592, "renderTypeName": "text", "dataTypeName": "text", "name": "Vendor ID", "format": {"align": "left"}, "width": 140, "cachedContents": {"top": [{"count": "1794", "item": "22085024V"}, {"count": "1742", "item": "15792481T"}, {"count": "1432", "item": "5674138V"}, {"count": "1347", "item": "102903767L"}, {"count": "936", "item": "42441106P"}, {"count": "934", "item": "15244443L"}, {"count": "849", "item": "93441615E"}, {"count": "840", "item": "21973746A"}, {"count": "792", "item": "102501520M"}, {"count": "777", "item": "93884405E"}, {"count": "750", "item": "95358461T"}, {"count": "731", "item": "85246282A"}, {"count": "714", "item": "9088362A"}, {"count": "697", "item": "31294355A"}, {"count": "693", "item": "24051664V"}, {"count": "645", "item": "31308905M"}, {"count": "603", "item": "102484615A"}, {"count": "598", "item": "25965824M"}, {"count": "597", "item": "95584874P"}, {"count": "596", "item": "5707349L"}], "not_null": "138941", "cardinality": "11231", "largest": "SC100281", "null": "0", "non_null": "139067", "smallest": "087546"}, "position": 11, "fieldName": "vendor_id", "id": 221888736}, {"tableColumnId": 1296584, "renderTypeName": "text", "dataTypeName": "text", "name": "Address 1", "format": {}, "width": 246, "cachedContents": {"top": [{"count": "2519", "item": "929 W ADAMS STREET EFT"}, {"count": "1833", "item": "929 W ADAMS ST"}, {"count": "1794", "item": "53 W JACKSON BLVD # 1450"}, {"count": "1432", "item": "1230 N KOSTNER AVE FL 1ST"}, {"count": "1347", "item": "5515 N EAST RIVER ROAD EFT XX  2356"}, {"count": "936", "item": "935 W CHESTNUT ST STE 20"}, {"count": "934", "item": "6231-6233 N PULASKI RD"}, {"count": "849", "item": "C. D/B/A MQ CONSTRUCTION CO"}, {"count": "840", "item": "4150 W WRIGHTWOOD AVE FL 1ST"}, {"count": "792", "item": "5239 W DIVERSEY AVE"}, {"count": "750", "item": "7243 W TOUHY AVE"}, {"count": "734", "item": "PO BOX 250"}, {"count": "714", "item": "5514 N KEDZIE AVE # 1ST"}, {"count": "693", "item": "550 W VAN BUREN ST # 350"}, {"count": "645", "item": "PO BOX 295"}, {"count": "603", "item": "1 E BANKS ST"}, {"count": "598", "item": "2123 OXFORD RD"}, {"count": "597", "item": "6436 W HIGGINS AVENUE EFT"}, {"count": "596", "item": "8900 S GENOA AVE FL 1ST"}, {"count": "580", "item": "8725 W HIGGINS RD # 200"}], "not_null": "138940", "cardinality": "10544", "largest": "Z-STAR TRUCKING, INC.", "null": "1", "non_null": "139066", "smallest": "10000 W OHARE AIRPORT"}, "position": 12, "fieldName": "address_1", "id": 221888739}, {"tableColumnId": 1296585, "renderTypeName": "text", "dataTypeName": "text", "name": "Address 2", "format": {}, "width": 178, "cachedContents": {"top": [{"count": "849", "item": "4323 N CENTRAL AVE"}, {"count": "582", "item": "8725 W HIGGINS RD STE 200"}, {"count": "517", "item": "SUITE 1000"}, {"count": "494", "item": "# 1E"}, {"count": "417", "item": "2121 W TAYLOR ST"}, {"count": "353", "item": "226 W JACKSON BLVD"}, {"count": "352", "item": "216 S JEFFERSON ST"}, {"count": "346", "item": "7648 N PAULINA ST"}, {"count": "287", "item": "9501 S DR MARTIN LUTHER KING JR DR RM 117"}, {"count": "229", "item": "1919 S ASHLAND AVE"}, {"count": "211", "item": "1 E JACKSON STREET EFT"}, {"count": "205", "item": "4800 N MARINE DR STE 6"}, {"count": "183", "item": "STE 400"}, {"count": "156", "item": "715 KIRK DRIVE EFT"}, {"count": "147", "item": "50 W 71ST ST"}, {"count": "131", "item": "111 W JACKSON BLVD FL 3RD"}, {"count": "126", "item": "601 E 12TH ST"}, {"count": "120", "item": "2608 S DAMEN AVE"}, {"count": "109", "item": "5417 W DIVISION STREET EFT"}, {"count": "108", "item": "11448 ENTERPRISE DR"}], "not_null": "14697", "cardinality": "1201", "largest": "WALLACE STATE OFFICE BLDG.", "null": "124359", "non_null": "14708", "smallest": "# 1"}, "position": 13, "fieldName": "address_2", "id": 221888742}, {"tableColumnId": 1296586, "renderTypeName": "text", "dataTypeName": "text", "name": "City", "format": {}, "width": 118, "cachedContents": {"top": [{"count": "101949", "item": "CHICAGO"}, {"count": "1812", "item": "DES PLAINES"}, {"count": "952", "item": "BENSENVILLE"}, {"count": "817", "item": "HINSDALE"}, {"count": "762", "item": "NORTHBROOK"}, {"count": "701", "item": "ELGIN"}, {"count": "627", "item": "LIBERTYVILLE"}, {"count": "575", "item": "THORNTON"}, {"count": "556", "item": "DARIEN"}, {"count": "543", "item": "WESTMONT"}, {"count": "494", "item": "DALLAS"}, {"count": "494", "item": "ELKHART LAKE"}, {"count": "483", "item": "FRANKLIN PARK"}, {"count": "446", "item": "WEST CHICAGO"}, {"count": "446", "item": "ELK GROVE VILLAGE"}, {"count": "424", "item": "WESTERN SPRINGS"}, {"count": "414", "item": "LEMONT"}, {"count": "409", "item": "HOFFMAN ESTATES"}, {"count": "407", "item": "WHEELING"}, {"count": "389", "item": "KANSAS CITY"}], "not_null": "137946", "cardinality": "1098", "largest": "YOUNGSVILLE", "null": "995", "non_null": "138072", "smallest": "ABILENE"}, "position": 14, "fieldName": "city", "id": 221888745}, {"tableColumnId": 1296587, "renderTypeName": "text", "dataTypeName": "text", "name": "State", "format": {}, "width": 54, "cachedContents": {"top": [{"count": "129645", "item": "IL"}, {"count": "975", "item": "WI"}, {"count": "746", "item": "TX"}, {"count": "719", "item": "PA"}, {"count": "675", "item": "CA"}, {"count": "609", "item": "MO"}, {"count": "542", "item": "NY"}, {"count": "535", "item": "IN"}, {"count": "527", "item": "MI"}, {"count": "339", "item": "GA"}, {"count": "333", "item": "OH"}, {"count": "310", "item": "MA"}, {"count": "251", "item": "FL"}, {"count": "237", "item": "MN"}, {"count": "234", "item": "MD"}, {"count": "223", "item": "NJ"}, {"count": "195", "item": "AZ"}, {"count": "194", "item": "VA"}, {"count": "185", "item": "DC"}, {"count": "173", "item": "IA"}], "not_null": "138938", "cardinality": "58", "largest": "WY", "null": "3", "non_null": "139064", "smallest": "AK"}, "position": 15, "fieldName": "state", "id": 221888747}, {"tableColumnId": 1296588, "renderTypeName": "text", "dataTypeName": "text", "name": "Zip", "format": {}, "width": 111, "cachedContents": {"top": [{"count": "7240", "item": "60607"}, {"count": "4322", "item": "60608"}, {"count": "3641", "item": "60606"}, {"count": "2717", "item": "60612"}, {"count": "2664", "item": "60610"}, {"count": "2616", "item": "60640"}, {"count": "2602", "item": "60622"}, {"count": "2560", "item": "60616"}, {"count": "2549", "item": "60656"}, {"count": "2501", "item": "60651"}, {"count": "2413", "item": "60631"}, {"count": "2405", "item": "60628"}, {"count": "2313", "item": "60617"}, {"count": "2206", "item": "60639"}, {"count": "2198", "item": "60609"}, {"count": "2044", "item": "60604"}, {"count": "2016", "item": "60647"}, {"count": "2008", "item": "60603"}, {"count": "1907", "item": "60601"}, {"count": "1907", "item": "60623"}], "not_null": "137192", "cardinality": "2854", "largest": "99941", "null": "1749", "non_null": "137318", "smallest": "08830"}, "position": 16, "fieldName": "zip", "id": 221888750}, {"tableColumnId": 1462735, "renderTypeName": "number", "dataTypeName": "number", "name": "Award Amount", "format": {"currencyStyle": "USD", "precisionStyle": "currency", "precision": "2", "humane": "false", "align": "right"}, "width": 172, "cachedContents": {"average": "670366.1597465123", "top": [{"count": "19505", "item": "0"}, {"count": "1501", "item": "50000"}, {"count": "1277", "item": "30000"}, {"count": "1073", "item": "100000"}, {"count": "1054", "item": "25000"}, {"count": "960", "item": "40000"}, {"count": "935", "item": "35000"}, {"count": "933", "item": "10000"}, {"count": "905", "item": "20000"}, {"count": "787", "item": "5000"}, {"count": "681", "item": "500000"}, {"count": "617", "item": "45000"}, {"count": "561", "item": "60000"}, {"count": "531", "item": "3000000"}, {"count": "530", "item": "1000000"}, {"count": "527", "item": "75000"}, {"count": "468", "item": "150000"}, {"count": "454", "item": "15000"}, {"count": "453", "item": "200000"}, {"count": "448", "item": "300000"}], "not_null": "138941", "sum": "89809624787.4", "cardinality": "59862", "largest": "3780796120", "null": "0", "smallest": "-3780758313", "non_null": "139067"}, "position": 17, "fieldName": "award_amount", "id": 221888752}, {"tableColumnId": 1484530, "renderTypeName": "text", "dataTypeName": "text", "name": "Procurement Type", "format": {}, "width": 192, "cachedContents": {"top": [{"count": "24910", "item": "BID"}, {"count": "9714", "item": "RFP"}, {"count": "2579", "item": "RFQ"}, {"count": "2557", "item": "SOLE SOURCE"}, {"count": "1881", "item": "MASTER AGREEMENT"}, {"count": "536", "item": "EMERGENCY"}, {"count": "124", "item": "REFERENCE CONTRACT"}, {"count": "116", "item": "JOINT PURCHASE"}, {"count": "78", "item": "CM"}, {"count": "70", "item": "RFI"}, {"count": "60", "item": "CONTRACT ASSIGNMENT/TRANS"}, {"count": "9", "item": "CONTRACT ASSIGNMENT/TRANSFER"}, {"count": "3", "item": "TASK ORDER"}, {"count": "2", "item": "INNOVATIVE PROCUREMENT"}, {"count": "1", "item": "NON-DPS"}], "not_null": "42593", "cardinality": "15", "largest": "TASK ORDER", "null": "96427", "non_null": "42640", "smallest": "BID"}, "position": 18, "fieldName": "procurement_type", "id": 221888817}, {"description": "A link to the online PDF copy of the contract", "renderTypeName": "url", "subColumnTypes": ["url", "description"], "cachedContents": {"largest": {"url": "http://ecm.cityofchicago.org/eSMARTContracts/service/DPSWebDocumentViewer?sid=ESMART&id={FFF97980-3AB0-4287-9626-60446A6A6085}"}, "null": 86530, "smallest": {"url": "http://ecm.cityofchicago.org/eSMARTContracts/service/DPSWebDocumentViewer?sid=EDGE&id=0000004M"}, "top": [{"count": 20, "item": {"url": "http://ecm.cityofchicago.org/eSMARTContracts/service/DPSWebDocumentViewer?sid=ESMART&id={8A2AA500-41E7-4A9D-A629-E93D0805C907}"}}, {"count": 19, "item": {"url": "http://ecm.cityofchicago.org/eSMARTContracts/service/DPSWebDocumentViewer?sid=ESMART&id={580389AB-4179-4351-AA26-40B4DF11D3E9}"}}, {"count": 18, "item": {"url": "http://ecm.cityofchicago.org/eSMARTContracts/service/DPSWebDocumentViewer?sid=ESMART&id={D07C3AC5-E9A4-4060-A5E6-1CC15AE51CC2}"}}, {"count": 17, "item": {"url": "http://ecm.cityofchicago.org/eSMARTContracts/service/DPSWebDocumentViewer?sid=ESMART&id={83303F42-BC25-4E96-AE58-CB26FA9E3F17}"}}], "non_null": 47441}, "fieldName": "contract_pdf", "id": 221889050, "tableColumnId": 31257929, "dataTypeName": "url", "name": "Contract PDF", "format": {"align": "left"}, "width": 820, "position": 19}], "totalTimesRated": 0, "owner": {"userSegment": "site_member", "flags": ["mayBeStoriesCoOwner"], "profileImageUrlLarge": "/api/users/scy9-9wg4/profile_images/LARGE", "screenName": "cocadmin", "displayName": "cocadmin", "profileImageUrlSmall": "/api/users/scy9-9wg4/profile_images/TINY", "type": "interactive", "profileImageUrlMedium": "/api/users/scy9-9wg4/profile_images/THUMB", "id": "scy9-9wg4"}, "rowsUpdatedBy": "n9j5-zhen", "viewCount": 23422, "publicationStage": "published", "hideFromDataJson": false, "rights": ["read"], "flags": ["default", "restorable", "restorePossibleForType"], "query": {"orderBys": [{"ascending": false, "expression": {"columnId": 221888727, "type": "column"}}]}, "id": "rsxa-ify5", "downloadCount": 30320, "hideFromCatalog": false, "category": "Administration & Finance", "metadata": {"jsonQuery": {"order": [{"ascending": false, "columnFieldName": "approval_date"}]}, "rdfSubject": "0", "renderTypeConfig": {"visible": {"table": true}}, "availableDisplayTypes": ["table", "fatrow", "page"], "custom_fields": {"Metadata": {"Frequency": "Data is updated daily", "Time Period": "1993 to present", "Data Owner": "Procurement Services"}}}, "tags": ["contracts", "procurement"], "name": "Contracts", "publicationAppendEnabled": false, "attribution": "City of Chicago", "numberOfComments": 0, "publicationGroup": 215963}