Criteria for Foreign Gifts Report,,,,
,,,,
"The source system of record for Foreign Gift data is the Postsecondary Education Participants System (PEPS).  In existence since 1995, PEPS serves as Federal Student Aid’s system of record for eligibility and oversight of Title IV.",,,,
,,,,
"All domestic institutions that receive any federal financial assistance and that offer a bachelor’s degree or higher, or that offer a transfer program of not less than two years that is acceptable for credit toward a bachelor’s degree are required to report such Foreign Gifts.  An institution must submit a report if the total of all gifts from and contracts with a foreign source that alone or combined, have a value of $250,000 or more for a calendar year or it is owned or controlled by a foreign source.",,,,
,,,,
"An institution must report no later than the January 31 or July 31, whichever is sooner, after the date of receipt of gifts, date of the contract, or date of ownership or control.  The January 31 report should cover the period July 1-December 31 of the previous year, and the July 31 report should cover January 1-June 30 of the same year.",,,,
,,,,
"The enclosed report provides a complete listing of all Foreign Gifts reported between January 1, 2010 and December 31, 2015.  There may be some instances of Foreign Gift reporting that are tied to pending applications currently undergoing review.  The data contained within this report would not include data from a pending application.",,,,
,,,,
"The report is sorted by “STATE”, “SCHOOL NAME” and “GIFT RECEIVED DATE.”  The report provides the following fields:",,,,
OPE ID - Office of Postsecondary Education Identification Number for the Institution.,,,,
SCHOOL NAME - Official Name of the Institution.,,,,
CITY - City in which the Institution is physically located.,,,,
STATE - State Code in which the Institution is physically located.,,,,
SCHOOL TYPE - Indicates the Institution's type.,,,,
"GIFT RECEIVED DATE - Date in which the Institution received the contract(s) or gift(s).  (NOTE - In cases of where the Date states ""01/01/1500"" this is used as a fill date for when such date is unknown.",,,,
GIFT AMOUNT - Aggregate dollar amount of such gifts and contracts attributable to a particular country.  Amounts are reflected exactly as reported by the Institution to Federal Student Aid.  This would include 'Zero' and 'Negative' dollar amounts.,,,,
GIFT TYPE - The foreign country in which the contract(s) or gift(s) are attributable to.,,,,
COUNTRY OF GIFTOR - The foreign country in which the contract(s) or gift(s) are attributable to.,,,,
"GIFTOR NAME - Name of the individual/entity in which the contract(s) or gift(s) are attributable to.  (NOTE - There are several blanks found within this field, most are for older data however a few instances have been found for some recent submissions.)",,,,
COMMENT - Disclosure of condition(s) and/or restriction(s) of foreign gift as reported by the Institution.,,,,